-- conferences
insert into conference (ID, name) values('EAST','Eastern');
insert into conference (ID, name) values('WEST','Western');
insert into conference (ID, name) values('SOUTH','Southern');
insert into conference (ID, name) values('NORTH','Northern');

-- gms
insert into gm (ID, FIRST_NAME, LAST_NAME) values( 2,'JD', 'Davison');
insert into gm (ID, FIRST_NAME, LAST_NAME) values( 3,'Todd', 'Rosenthal');
insert into gm (ID, FIRST_NAME, LAST_NAME) values( 4,'Cris', 'Ronaldo');
insert into gm (ID, FIRST_NAME, LAST_NAME) values( 5,'Sinj', 'Smith');
insert into gm (ID, FIRST_NAME, LAST_NAME) values( 6,'Eric', 'Weaver');
insert into gm (ID, FIRST_NAME, LAST_NAME) values( 7,'Miemar', 'Santos');
insert into gm (ID, FIRST_NAME, LAST_NAME) values( 8,'Ken', 'Norman');
insert into gm (ID, FIRST_NAME, LAST_NAME) values( 9,'Paul', 'Dodd');
insert into gm (ID, FIRST_NAME, LAST_NAME) values( 10,'Don', 'Schmidt');
insert into gm (ID, FIRST_NAME, LAST_NAME) values( 11,'Kurt', 'Turner');
insert into gm (ID, FIRST_NAME, LAST_NAME) values( 12,'Franz', 'Becken');
insert into gm (ID, FIRST_NAME, LAST_NAME) values( 13,'Stefan', 'Kobel');
insert into gm (ID, FIRST_NAME, LAST_NAME) values( 14,'Brad', 'Soklos');
insert into gm (ID, FIRST_NAME, LAST_NAME) values( 15,'Greta', 'Van Fleet');
insert into gm (ID, FIRST_NAME, LAST_NAME) values( 16,'Jonas', 'Brnkler');
insert into gm (ID, FIRST_NAME, LAST_NAME) values( 17,'Jim', 'Bird');
insert into gm (ID, FIRST_NAME, LAST_NAME) values( 18,'Dimitry', 'Munsjk');
insert into gm (ID, FIRST_NAME, LAST_NAME) values( 19,'Burt', 'Anderson');
insert into gm (ID, FIRST_NAME, LAST_NAME) values( 20,'Gar', 'Bale');
insert into gm (ID, FIRST_NAME, LAST_NAME) values( 21,'Karch', 'Kiralay');
insert into gm (ID, FIRST_NAME, LAST_NAME) values( 22,'John', 'Cruft');
insert into gm (ID, FIRST_NAME, LAST_NAME) values( 23,'Randy', 'Socklos');
insert into gm (ID, FIRST_NAME, LAST_NAME) values( 24,'George', 'Johnson');
insert into gm (ID, FIRST_NAME, LAST_NAME) values( 25,'Luis', 'Fontes');
insert into gm (ID, FIRST_NAME, LAST_NAME) values( 26,'Frank', 'Lampard');
insert into gm (ID, FIRST_NAME, LAST_NAME) values( 27,'Perrin', 'Ibarra');
insert into gm (ID, FIRST_NAME, LAST_NAME) values( 28,'Will', 'Lee');
insert into gm (ID, FIRST_NAME, LAST_NAME) values( 29,'Marcus', 'Bing');
insert into gm (ID, FIRST_NAME, LAST_NAME) values( 30,'Mike', 'Kubiak');
insert into gm (ID, FIRST_NAME, LAST_NAME) values( 31,'Matt', 'Coffin');
insert into gm (ID, FIRST_NAME, LAST_NAME) values( 32,'Bruno', 'Raelz');
insert into gm (ID, FIRST_NAME, LAST_NAME) values( 33,'Paul', 'Rodeo');
insert into gm (ID, FIRST_NAME, LAST_NAME) values( 34,'Paul', 'Oswald');
insert into gm (ID, FIRST_NAME, LAST_NAME) values( 35,'Chris', 'Neilon');
insert into gm (ID, FIRST_NAME, LAST_NAME) values( 36,'Steve', 'Timmons');
insert into gm (ID, FIRST_NAME, LAST_NAME) values( 37,'Sean Rooney', '');
insert into gm (ID, FIRST_NAME, LAST_NAME) values( 38,'Dennis', 'Garbo');
insert into gm (ID, FIRST_NAME, LAST_NAME) values( 39,'Joe', 'Zinzi');
insert into gm (ID, FIRST_NAME, LAST_NAME) values( 40,'Jim', 'George');
insert into gm (ID, FIRST_NAME, LAST_NAME) values( 41,'Alex', 'Faye');


-- coachs
insert into coach (ID, FIRST_NAME, LAST_NAME) values( 2,'Frank', 'Valcone');
insert into coach (ID, FIRST_NAME, LAST_NAME) values( 3,'Ben', 'Malone');
insert into coach (ID, FIRST_NAME, LAST_NAME) values( 4,'Ray', 'Gilliam');
insert into coach (ID, FIRST_NAME, LAST_NAME) values( 5,'Jim', 'Kaye');
insert into coach (ID, FIRST_NAME, LAST_NAME) values( 6,'Pete', 'Becker');
insert into coach (ID, FIRST_NAME, LAST_NAME) values( 7,'Chick', 'Corea');
insert into coach (ID, FIRST_NAME, LAST_NAME) values( 8,'Ken', 'Norman');
insert into coach (ID, FIRST_NAME, LAST_NAME) values( 9,'Ray', 'Powell');
insert into coach (ID, FIRST_NAME, LAST_NAME) values( 10,'Frank', 'Gifford');
insert into coach (ID, FIRST_NAME, LAST_NAME) values( 11,'Miles', 'Dave');
insert into coach (ID, FIRST_NAME, LAST_NAME) values( 12,'Chuck', 'Jones');
insert into coach (ID, FIRST_NAME, LAST_NAME) values( 13,'Graham', 'Anders');
insert into coach (ID, FIRST_NAME, LAST_NAME) values( 14,'Kerry', 'Vittles');
insert into coach (ID, FIRST_NAME, LAST_NAME) values( 15,'Cliff', 'Burton');
insert into coach (ID, FIRST_NAME, LAST_NAME) values( 16,'Wes', 'Demnondred');
insert into coach (ID, FIRST_NAME, LAST_NAME) values( 17,'Carl', 'Mingus');
insert into coach (ID, FIRST_NAME, LAST_NAME) values( 18,'Ran', 'Welicki');
insert into coach (ID, FIRST_NAME, LAST_NAME) values( 19,'Pat', 'Metheny');
insert into coach (ID, FIRST_NAME, LAST_NAME) values( 20,'Carl', 'Hook');
insert into coach (ID, FIRST_NAME, LAST_NAME) values( 21,'Dan', 'Jones');
insert into coach (ID, FIRST_NAME, LAST_NAME) values( 22,'Conway ', 'Sheehan');
insert into coach (ID, FIRST_NAME, LAST_NAME) values( 23,'Jim', 'Patitucci');
insert into coach (ID, FIRST_NAME, LAST_NAME) values( 24,'Ken', 'Deal');
insert into coach (ID, FIRST_NAME, LAST_NAME) values( 25,'Leland', 'Sklar');
insert into coach (ID, FIRST_NAME, LAST_NAME) values( 26,'Randy', 'Wisniewski');
insert into coach (ID, FIRST_NAME, LAST_NAME) values( 27,'John', 'Entwistle');
insert into coach (ID, FIRST_NAME, LAST_NAME) values( 28,'Justin', 'Chancellor');
insert into coach (ID, FIRST_NAME, LAST_NAME) values( 29,'Al', 'Wozniak');
insert into coach (ID, FIRST_NAME, LAST_NAME) values( 30,'Phil', 'Baker');
insert into coach (ID, FIRST_NAME, LAST_NAME) values( 31,'Marcus', 'Duran');
insert into coach (ID, FIRST_NAME, LAST_NAME) values( 32,'Danny', 'Carey');
insert into coach (ID, FIRST_NAME, LAST_NAME) values( 33,'Caleb', 'Mills');
insert into coach (ID, FIRST_NAME, LAST_NAME) values( 34,'Nick ', 'Mcbain');
insert into coach (ID, FIRST_NAME, LAST_NAME) values( 35,'Dave', 'Murray');
insert into coach (ID, FIRST_NAME, LAST_NAME) values( 36,'Paul', 'DAmour');
insert into coach (ID, FIRST_NAME, LAST_NAME) values( 37,'Jabari', 'Fountain');
insert into coach (ID, FIRST_NAME, LAST_NAME) values( 38,'Joel', 'Deboezart');
insert into coach (ID, FIRST_NAME, LAST_NAME) values( 39,'Adam', 'Jones');
insert into coach (ID, FIRST_NAME, LAST_NAME) values( 40,'Delionel', 'Smith');
insert into coach (ID, FIRST_NAME, LAST_NAME) values( 41,'Adrian', 'Smith');

-- teams
insert into team(id, locale, name, coach_id, gm_id, conference_id) values ( 'NY', 'New York','Fastbacks', 2, 2, 'EAST');
insert into team(id, locale, name, coach_id, gm_id, conference_id) values ( 'PHI', 'Philadelphia','Flames', 3, 3, 'EAST');
insert into team(id, locale, name, coach_id, gm_id, conference_id) values ( 'CONN', 'Conneticut','Huskies', 4, 4, 'EAST');
insert into team(id, locale, name, coach_id, gm_id, conference_id) values ( 'BRKLYN', 'Brooklyn ','Nets', 5, 5, 'EAST');
insert into team(id, locale, name, coach_id, gm_id, conference_id) values ( 'WASH', 'Washington','Chiefs', 6, 6, 'EAST');
insert into team(id, locale, name, coach_id, gm_id, conference_id) values ( 'BOS', 'Boston','Steeds', 7, 7, 'EAST');
insert into team(id, locale, name, coach_id, gm_id, conference_id) values ( 'NC', 'North Carolina','Tarheels', 8, 8, 'EAST');
insert into team(id, locale, name, coach_id, gm_id, conference_id) values ( 'ATL', 'Atlanta','Ravens', 9, 9, 'EAST');
insert into team(id, locale, name, coach_id, gm_id, conference_id) values ( 'JACK', 'Jacksonville','Gators', 10, 10, 'EAST');
insert into team(id, locale, name, coach_id, gm_id, conference_id) values ( 'MIA', 'Miami','Hurricane', 11, 11, 'EAST');
insert into team(id, locale, name, coach_id, gm_id, conference_id) values ( 'MI', 'Michigan','Panthers', 12, 12, 'NORTH');
insert into team(id, locale, name, coach_id, gm_id, conference_id) values ( 'CHI', 'Chicago','Blackhawks', 13, 13, 'NORTH');
insert into team(id, locale, name, coach_id, gm_id, conference_id) values ( 'IND', 'Indiana','Hoosiers', 14, 14, 'NORTH');
insert into team(id, locale, name, coach_id, gm_id, conference_id) values ( 'MIN', 'Minnesota','Timberwolves', 15, 15, 'NORTH');
insert into team(id, locale, name, coach_id, gm_id, conference_id) values ( 'CLE', 'Cleveland','Indians', 16, 16, 'NORTH');
insert into team(id, locale, name, coach_id, gm_id, conference_id) values ( 'TOR', 'Toronto','Blazers', 17, 17, 'NORTH');
insert into team(id, locale, name, coach_id, gm_id, conference_id) values ( 'BUF', 'Buffalo','Sabres', 18, 18, 'NORTH');
insert into team(id, locale, name, coach_id, gm_id, conference_id) values ( 'VIR', 'Virginia','Minutemen', 19, 19, 'NORTH');
insert into team(id, locale, name, coach_id, gm_id, conference_id) values ( 'MIL', 'Milwaukee','Jets', 20, 20, 'NORTH');
insert into team(id, locale, name, coach_id, gm_id, conference_id) values ( 'PIT', 'Pittsburgh','Bears', 21, 21, 'NORTH');
insert into team(id, locale, name, coach_id, gm_id, conference_id) values ( 'STL', 'Saint Louis','Devils', 22, 22, 'SOUTH');
insert into team(id, locale, name, coach_id, gm_id, conference_id) values ( 'KC', 'Kansas City','JayHawks', 23, 23, 'SOUTH');
insert into team(id, locale, name, coach_id, gm_id, conference_id) values ( 'TEN', 'Tennennsse','RunninRebels', 24, 24, 'SOUTH');
insert into team(id, locale, name, coach_id, gm_id, conference_id) values ( 'HOU', 'Housten','Wildcats', 25, 25, 'SOUTH');
insert into team(id, locale, name, coach_id, gm_id, conference_id) values ( 'SA', 'San Antonio','Regulators', 26, 26, 'SOUTH');
insert into team(id, locale, name, coach_id, gm_id, conference_id) values ( 'DAL', 'Dallas','Bulls', 27, 27, 'SOUTH');
insert into team(id, locale, name, coach_id, gm_id, conference_id) values ( 'NO', 'New Orleans','Jazz', 28, 28, 'SOUTH');
insert into team(id, locale, name, coach_id, gm_id, conference_id) values ( 'ALA', 'Alabama','Raiders', 29, 29, 'SOUTH');
insert into team(id, locale, name, coach_id, gm_id, conference_id) values ( 'OKL', 'Oklahoma','Sooners', 30, 30, 'SOUTH');
insert into team(id, locale, name, coach_id, gm_id, conference_id) values ( 'DEN', 'Denver','Rush', 31, 31, 'SOUTH');
insert into team(id, locale, name, coach_id, gm_id, conference_id) values ( 'LA', 'Los Angeles','Kings', 32, 32, 'WEST');
insert into team(id, locale, name, coach_id, gm_id, conference_id) values ( 'CA', 'California','Thunder', 33, 33, 'WEST');
insert into team(id, locale, name, coach_id, gm_id, conference_id) values ( 'SD', 'San Diego','Suns', 34, 34, 'WEST');
insert into team(id, locale, name, coach_id, gm_id, conference_id) values ( 'SF', 'San Fransisco','Bruins', 35, 35, 'WEST');
insert into team(id, locale, name, coach_id, gm_id, conference_id) values ( 'PHO', 'Phoenix','Rockets', 36, 36, 'WEST');
insert into team(id, locale, name, coach_id, gm_id, conference_id) values ( 'POR', 'Portland','Cougars', 37, 37, 'WEST');
insert into team(id, locale, name, coach_id, gm_id, conference_id) values ( 'SEA', 'Seattle','Stars', 38, 38, 'WEST');
insert into team(id, locale, name, coach_id, gm_id, conference_id) values ( 'UTAH', 'Utah','Aggies', 39, 39, 'WEST');
insert into team(id, locale, name, coach_id, gm_id, conference_id) values ( 'VAN', 'Vancouver','Badgers', 40, 40, 'WEST');
insert into team(id, locale, name, coach_id, gm_id, conference_id) values ( 'NEV', 'Nevada','Gamblers', 41, 41, 'WEST');





